{
  "images" : [
    {
      "orientation" : "portrait",
      "idiom" : "ipad",
      "extent" : "full-screen",
      "minimum-system-version" : "7.0",
      "scale" : "1x"
    },
    {
      "orientation" : "landscape",
      "idiom" : "ipad",
      "extent" : "full-screen",
      "minimum-system-version" : "7.0",
      "scale" : "1x"
    },
    {
      "orientation" : "portrait",
      "idiom" : "ipad",
      "extent" : "full-screen",
      "minimum-system-version" : "7.0",
      "scale" : "2x"
    },
    {
      "orientation" : "landscape",
      "idiom" : "ipad",
      "extent" : "full-screen",
      "minimum-system-version" : "7.0",
      "scale" : "2x"
    },
    {
      "orientation" : "portrait",
      "idiom" : "ipad",
      "extent" : "to-status-bar",
      "scale" : "1x"
    },
    {
      "orientation" : "landscape",
      "idiom" : "ipad",
      "extent" : "to-status-bar",
      "scale" : "1x"
    },
    {
      "orientation" : "portrait",
      "idiom" : "ipad",
      "extent" : "to-status-bar",
      "scale" : "2x"
    },
    {
      "orientation" : "landscape",
      "idiom" : "ipad",
      "extent" : "to-status-bar",
      "scale" : "2x"
    }
  ],
  "info" : {
    "version" : 1,
    "author" : "xcode"
  }
}